metric,value
max_abs_error,9.94587932632296e-05
rmse,4.950652183741626e-05
mean_abs_error,4.358512086708315e-05
