metric,value
delta_true,0.2
delta_estimated,0.19778595864772797
abs_error,0.002214041352272045
rel_error,0.011070206761360224
